ID ,P1_X ,P1_Y ,P2_X ,P2_Y 
0,-7.5,-5.0,-7.5,5.0
1,-7.5,-5.0,4.899999999999956,-5.0
2,-7.5,5.0,4.899999999999956,5.0
3,5,1.1,5,5.0
4,5,-5.0,5,-1.1
